batch,plate,well,uL yellow,uL blue,A450,A600,distance
1,1,A3,0.0,0.0,-0.004169937069486616,-0.0005752751194186903,1.4073084067848691
1,1,B3,0.0,6.666666666666667,0.0504788662833976,0.4774856899058465,0.9971911830281811
1,1,C3,0.0,13.333333333333334,0.1086571032248996,0.9432957697404933,0.6874448888845305
1,1,D3,0.0,20.0,0.15785911392032198,1.4137045056429138,0.6357239971498749
1,1,E3,6.666666666666667,0.0,0.3412531024178095,0.016504625709941434,1.2399350054880638
1,1,F3,10.0,10.0,0.5970004784633822,0.723249581970141,0.4884332156766369
1,1,G3,6.666666666666667,13.333333333333334,0.4583637282471998,0.9590782798676306,0.37114521816172324
1,1,H3,6.666666666666667,20.0,0.5022979061356136,1.4272123950908944,0.34651605750417963
1,1,A4,13.333333333333334,0.0,0.6761346489552795,0.024695234461925786,1.164317812851869
1,1,B4,13.333333333333334,6.666666666666667,0.7510310265005974,0.504960566452779,0.6816032165191699
1,1,C4,13.333333333333334,13.333333333333334,0.8003536485777757,0.9543546171219818,0.23726767180283398
1,1,D4,13.333333333333334,20.0,0.8548430834699539,1.430044125413128,0.2644575736257011
1,1,E4,20.0,0.0,1.0590775355050361,0.03935949892289249,1.1876898704069716
1,1,F4,20.0,6.666666666666667,1.0915968167208823,0.5162839780041473,0.7515709674118923
1,1,G4,20.0,13.333333333333334,1.152965278674284,1.007856807155026,0.4393337383009819
1,1,H4,20.0,20.0,1.180817200316623,1.4575657862761806,0.5075947888883701
2,1,A5,6.966257984711767,11.42985376160727,0.46332403533741107,0.8215648865820592,0.46512209757245465
2,1,B5,6.966257984711767,14.286569174404846,0.4797270627785556,1.0375982647450999,0.3100264718865458
2,1,C5,6.966257984711767,17.143284587202423,0.5044241593814978,1.2490695728272552,0.2549760456896045
2,1,D5,6.966257984711767,20.0,0.5130624872766809,1.401048253512092,0.3208011518067039
2,1,E5,10.2995913180451,11.42985376160727,0.6309001735373254,0.8370060986285991,0.36981572531792056
2,1,F5,10.2995913180451,14.286569174404846,0.6533806891788464,1.0225553830484735,0.1911795801233102
2,1,G5,11.966257984711767,16.42985376160727,0.7429661380340397,1.1890505284727597,0.009004127359300756
2,1,H5,10.2995913180451,20.0,0.6894115115177273,1.413763323706211,0.23556239435768228
2,1,A6,13.632924651378435,11.42985376160727,0.8042358769841849,0.8314225759926792,0.35901744776758376
2,1,B6,13.632924651378435,14.286569174404846,0.8199106587954038,1.0564737221162788,0.14692506007169362
2,1,C6,13.632924651378435,17.143284587202423,0.8453918782700501,1.236461852632796,0.1062215134603955
2,1,D6,13.632924651378435,20.0,0.8760245300055788,1.4489746395622842,0.290406750892319
2,1,E6,16.966257984711767,11.42985376160727,0.9872139750610496,0.8502288153877053,0.41064043323698096
2,1,F6,16.966257984711767,14.286569174404846,1.0083509546652911,1.0488907444016464,0.291315265808737
2,1,G6,16.966257984711767,17.143284587202423,0.9946232113621114,1.2458715317261229,0.2501359734346267
2,1,H6,16.966257984711767,20.0,1.0395826269019508,1.4753056965433098,0.40779225138081254
