plate_id,well_id,sample_name,sample_type,concentration_ng_uL,available sample to dilute (uL)
plate_1,A1,Sample 1,DNA,55,24
plate_1,B1,Sample 2,DNA,25,24
plate_1,C1,Sample 3,DNA,68,24
plate_1,D1,Sample 4,DNA,12,24
plate_1,E1,Sample 5,DNA,18,24
plate_1,F1,Sample 6,DNA,95,24
plate_1,G1,Sample 7,DNA,18,24
plate_1,H1,Sample 8,DNA,55,24
plate_1,A2,Sample 9,DNA,120,24
plate_1,B2,Sample 10,DNA,12,24
plate_1,C2,Sample 11,DNA,95,24
plate_1,D2,Sample 12,DNA,31,24
plate_1,E2,Sample 13,DNA,12,24
plate_1,F2,Sample 14,DNA,18,24
plate_1,G2,Sample 15,DNA,68,24
plate_1,H2,Sample 16,DNA,68,24
plate_1,A3,Sample 17,DNA,18,24
plate_1,B3,Sample 18,DNA,31,24
plate_1,C3,Sample 19,DNA,18,24
plate_1,D3,Sample 20,DNA,95,24
plate_1,E3,Sample 21,DNA,68,24
plate_1,F3,Sample 22,DNA,12,24
plate_1,G3,Sample 23,DNA,120,24
plate_1,H3,Sample 24,DNA,18,24
